"id","title","company","location","salary","url","source","posted_date","scraped_at"
"9de2fce8a788","Data Engineer","Moringa School","Nairobi County, Kenya","","https://ke.linkedin.com/jobs/view/data-engineer-at-moringa-school-4474744764","LinkedIn","2026-10-05T22:09:52Z","2026-10-05T22:09:52Z"
"7a38714b9d01","AI Platform Engineer","International Rescue Committee","Nairobi, Nairobi County, Kenya","","https://ke.linkedin.com/jobs/view/ai-platform-engineer-at-international-rescue-committee-4474762619","LinkedIn","2026-10-05T22:09:52Z","2026-10-05T22:09:52Z"
"cddd6ccf348d","Principal Software Engineer","Mastercard","Kenya","","https://ke.linkedin.com/jobs/view/principal-software-engineer-at-mastercard-4471219508","LinkedIn","2026-10-05T22:09:52Z","2026-10-05T22:09:52Z"
"864727cbf9ef","Staff Research Engineer - AI & Machine Learning","Gramian Consulting","Kenya","","https://ke.linkedin.com/jobs/view/staff-research-engineer-ai-machine-learning-at-gramian-consulting-4473552602","LinkedIn","2026-10-05T22:09:52Z","2026-10-05T22:09:52Z"
"8403c757adb3","Data Scientist (1 Year Fixed-Term Contract)","Britam","Nairobi, Nairobi County, Kenya","","https://ke.linkedin.com/jobs/view/data-scientist-1-year-fixed-term-contract-at-britam-4474153028","LinkedIn","2026-10-05T22:09:52Z","2026-10-05T22:09:52Z"
"d714313bd30e","Tupande AI Engineering Lead (Fixed-term)","One Acre Fund","Kenya","","https://ke.linkedin.com/jobs/view/tupande-ai-engineering-lead-fixed-term-at-one-acre-fund-4472881689","LinkedIn","2026-10-05T22:09:52Z","2026-10-05T22:09:52Z"
"1bf6a017975e","Senior Data Engineer (Python / AWS / ML Pipelines)","Jobgether","Kenya","","https://ke.linkedin.com/jobs/view/senior-data-engineer-python-aws-ml-pipelines-at-jobgether-4472547718","LinkedIn","2026-10-05T22:09:52Z","2026-10-05T22:09:52Z"
"4922d764f5dd","Principal Quantitative Analyst - Global Finance","Capital One","McLean, VA","","https://www.linkedin.com/jobs/view/principal-quantitative-analyst-global-finance-at-capital-one-4457808859","LinkedIn","2026-10-05T22:09:52Z","2026-10-05T22:09:52Z"
"a0dc839f8db5","Fullstack Software Engineer Graduate (Global E-commerce) - 2027 Start","TikTok","Seattle, WA","","https://www.linkedin.com/jobs/view/fullstack-software-engineer-graduate-global-e-commerce-2027-start-at-tiktok-4448274877","LinkedIn","2026-10-05T22:09:50Z","2026-10-05T22:09:50Z"
"e98bb1a70a8e","Principal Python Software Engineer","Cboe Global Markets","London, England, United Kingdom","","https://uk.linkedin.com/jobs/view/principal-python-software-engineer-at-cboe-global-markets-4420666890","LinkedIn","2026-10-05T22:09:49Z","2026-10-05T22:09:49Z"
"17d987025341","Data Scientist (1 Year Fixed-Term Contract)","Britam","Nairobi, Nairobi County, Kenya","","https://ke.linkedin.com/jobs/view/data-scientist-1-year-fixed-term-contract-at-britam-4474153028","LinkedIn","2026-10-05T22:09:47Z","2026-10-05T22:09:47Z"
"f54cbf1f7cdb","Associate Manager - Data Analytics","Majid Al Futtaim","Nairobi, Nairobi County, Kenya","","https://ke.linkedin.com/jobs/view/associate-manager-data-analytics-at-majid-al-futtaim-4474211726","LinkedIn","2026-10-05T22:09:47Z","2026-10-05T22:09:47Z"
"2d534fd1a220","Vacation Studentship","CSIRO","Australia","","https://www.csiro.au/en/careers/scholarships-student-opportunities/undergraduate-studentships/undergraduate-vacation-studentships","GitHub-AusJobs","2026-10-05T22:09:08Z","2026-10-05T22:09:08Z"
"4ada621b48e4","SWE Intern","CSG","Brisbane","","https://pages.csgi.com/brisbane-graduate-roles-internships/","GitHub-AusJobs","2026-10-05T22:09:08Z","2026-10-05T22:09:08Z"
"dcf36f7a7fed","STEM Cadetship","Defence Science & Technology Group","Major Cities","","https://www.dst.defence.gov.au/careers/student-opportunities/stem-cadetship-program","GitHub-AusJobs","2026-10-05T22:09:08Z","2026-10-05T22:09:08Z"
"0eb3d05d1013","Internship Program","Philip Morris International (PMI)","Australia","","https://www.inkompass.global/australia-internship-program","GitHub-AusJobs","2026-10-05T22:09:08Z","2026-10-05T22:09:08Z"
"495b793948e5","SWE Intern","Rheinmetall","Brisbane","","https://www.rheinmetall.com/en/job/eoi_engineering_internship_program_/612891","GitHub-AusJobs","2026-10-05T22:09:08Z","2026-10-05T22:09:08Z"
"f8a9770f4a3e","Data & Digital Cadetship","Australian Government","Major cities","","https://www.digitalprofession.gov.au/career-development/digital-supported-pathway-programs/data-and-digital-cadet-program","GitHub-AusJobs","2026-10-05T22:09:08Z","2026-10-05T22:09:08Z"
"88a02831edaa","Summer Intern","Macquarie","Melbourne, Sydney, Perth, Brisbane","","https://www.macquarie.com/au/en/careers/graduates-and-interns.html","GitHub-AusJobs","2026-10-05T22:09:08Z","2026-10-05T22:09:08Z"
"677faf0a5a02","Internship","Optiver","Sydney","","https://optiver.com/working-at-optiver/internships/","GitHub-AusJobs","2026-10-05T22:09:08Z","2026-10-05T22:09:08Z"
"8a2fedcee834","Summer Internship","ResMed","Sydney","","https://resmed.wd3.myworkdayjobs.com/en-US/ResMed_External_Careers/job/Sydney-NSW-Australia/Expression-of-Interest---Summer-Internship-2024-25_JR_032438?q=auearlycareers","GitHub-AusJobs","2026-10-05T22:09:08Z","2026-10-05T22:09:08Z"
"843a800c1d91","Summer Intern (Technology stream)","ANZ","Major cities","","https://www.anz.com.au/careers/programs/summer-intern/","GitHub-AusJobs","2026-10-05T22:09:08Z","2026-10-05T22:09:08Z"
"8526e0aa4193","Career Start Program (Network Engineering/SWE)","Telstra","Major cities","","https://www.telstra.com.au/careers/students-and-graduates/career-start-internship","GitHub-AusJobs","2026-10-05T22:09:08Z","2026-10-05T22:09:08Z"
"916c1374c3ae","Software Engineer Intern","Resonate CX","Sydney","","https://jobs.swagapp.com/AU/jobs/resonate-solutions-pty-limited-software-engineer-intern-open-to-both-part-time-and-full-time-candidates?src=Linkedin","GitHub-AusJobs","2026-10-05T22:09:08Z","2026-10-05T22:09:08Z"
"7edf0e64b9af","SWE Intern (Rolling application)","CalcTree","Sydney (possibly other locations remote)","","https://app.calctree.com/public/Engineering-Internships-Rolling-basis-wUhzYCtxLj6Ag5PBjC8d66","GitHub-AusJobs","2026-10-05T22:09:08Z","2026-10-05T22:09:08Z"
"1ad2b7dee56c","Advisory Vacationer (Digital & Tech Advisory, Cyber, Risk Advisory)","BDO","Australia","","https://www.bdo.com.au/en-au/about/student-careers","GitHub-AusJobs","2026-10-05T22:09:08Z","2026-10-05T22:09:08Z"
"4710a02652d3","Summer Intern","NAB","Sydney, Melbourne, Brisbane & Perth (only certain streams)","","https://www.nab.com.au/about-us/careers/early-careers/summer-intern-program","GitHub-AusJobs","2026-10-05T22:09:08Z","2026-10-05T22:09:08Z"
"f54dbb7c007d","Software Engineering Intern","Freelancer.com","Sydney","","https://apply.workable.com/freelancer/j/6FF7D94E6E/?utm_source=linkedin.com&src=LinkedIn&src=LinkedIn&utm_source=linkedin.com&gh_src=i5qg2y1&utm_source=linkedin.com","GitHub-AusJobs","2026-10-05T22:09:08Z","2026-10-05T22:09:08Z"
"55f8351e4a1d","Engineering Intern","GHD","Canberra, NSW (Bega, Nowra, Wagga Wagga & Wollongong)","","https://ejov.fa.ca2.oraclecloud.com/hcmUI/CandidateExperience/en/sites/CX/job/16000?utm_medium=jobboard&utm_source=linkedin","GitHub-AusJobs","2026-10-05T22:09:08Z","2026-10-05T22:09:08Z"
"d8e6adbb9e64","Summer Intern (Cyber, Data Science + more)","CommBank","Australia-wide","","https://www.commbank.com.au/about-us/careers/graduate-intern-programs.html","GitHub-AusJobs","2026-10-05T22:09:08Z","2026-10-05T22:09:08Z"
"ac5196fe4d1e","Summer Vacationer","ARUP","Major cities","","https://www.arup.com/careers/early-careers/internships/australasia/","GitHub-AusJobs","2026-10-05T22:09:08Z","2026-10-05T22:09:08Z"
"5da24ccf7d2c","Summer Vacationer","McGrathNichol","Sydney","","https://www.mcgrathnicol.com/students/","GitHub-AusJobs","2026-10-05T22:09:08Z","2026-10-05T22:09:08Z"
"09c9f504717b","Vacationer","Deloitte","Major cities","","https://www.deloitte.com/au/en/careers/students/summer-vacation-program-careers.html","GitHub-AusJobs","2026-10-05T22:09:08Z","2026-10-05T22:09:08Z"
"59b9a9c0f481","Tech Consulting Vacationer (AI, Cybersec, SWE, Platforms etc)","EY","Sydney, Melbourne, Canberra, Brisbane, Adelaide, Perth","","https://www.ey.com/en_au/careers/students-apply-here","GitHub-AusJobs","2026-10-05T22:09:08Z","2026-10-05T22:09:08Z"
"87e4924e73e1","Engineering Vacationer","KPMG","National","","https://jobs.smartrecruiters.com/ni/KPMGAustralia1/020188bd-86c7-457f-89b1-b086b90057ce-2025-technology-digital-engineering-campaign-vacationer?trid=28eb2d6d-65a4-43a6-82d0-20e7caa7ef29","GitHub-AusJobs","2026-10-05T22:09:08Z","2026-10-05T22:09:08Z"
"54f010eae96c","SWE Intern","Airwallex","Melbourne, Sydney","","https://careers.airwallex.com/job/5af58cf9-341b-4f29-bbf4-2623409d7640/2024-25-software-engineer-intern-program/","GitHub-AusJobs","2026-10-05T22:09:08Z","2026-10-05T22:09:08Z"
"e9f2efe2fa19","Site Reliability Co-Op","CISCO","Sydney","","https://jobs.cisco.com/jobs/ProjectDetail/Site-Reliability-Co-Op-Emerging-Talent-Meraki-APJC/1425346","GitHub-AusJobs","2026-10-05T22:09:08Z","2026-10-05T22:09:08Z"
"39fffd291a13","Network Support Engineer Intern","CISCO","Sydney","","https://jobs.cisco.com/jobs/ProjectDetail/Network-Support-Engineer-Intern-Fall-2024-ETR-Sydney-Meraki/1422337","GitHub-AusJobs","2026-10-05T22:09:08Z","2026-10-05T22:09:08Z"
"4dcec0c71028","Students@Work","UniMelb","Melbourne","","https://students.unimelb.edu.au/careers/find-a-job/working-on-campus/students@work-internship-program","GitHub-AusJobs","2026-10-05T22:09:08Z","2026-10-05T22:09:08Z"
"13b08107fcec","STEM Summer Vacation Placement","Defence Science & Technology Group","Major cities","","https://www.dst.defence.gov.au/careers/student-opportunities/summer-vacation-placement-program","GitHub-AusJobs","2026-10-05T22:09:08Z","2026-10-05T22:09:08Z"
"dd5935b0607d","Intern (Data Science, Software, Computing, Robotics)","RioTinto","Australia","","https://www.riotinto.com/careers/graduates-students","GitHub-AusJobs","2026-10-05T22:09:08Z","2026-10-05T22:09:08Z"
"b8ebb3fae61d","IT Summer Intern","Boeing","Melbourne, Brisbane, Adelaide","","https://au.prosple.com/graduate-employers/boeing-australia/jobs-internships/it-university-summer-internship","GitHub-AusJobs","2026-10-05T22:09:08Z","2026-10-05T22:09:08Z"
"f5a4815355b8","Careers page","","Fivecast","","https://www.google.com/about/careers/applications/jobs/results/?category=DATA_CENTER_OPERATIONS&category=DEVELOPER_RELATIONS&category=HARDWARE_ENGINEERING&category=INFORMATION_TECHNOLOGY&category=MANUFACTURING_SUPPLY_CHAIN&category=NETWORK_ENGINEERING&category=PRODUCT_MANAGEMENT&category=PROGRAM_MANAGEMENT&category=SOFTWARE_ENGINEERING&category=TECHNICAL_INFRASTRUCTURE_ENGINEERING&category=TECHNICAL_SOLUTIONS&category=TECHNICAL_WRITING&category=USER_EXPERIENCE&jex=ENTRY_LEVEL&employment_type=PART_TIME&employment_type=INTERN&location=Australia","GitHub-AusJobs","2026-10-05T22:09:08Z","2026-10-05T22:09:08Z"
"4c3d33c0a284","Student opportunities","","Akuna Capital","","https://careers.imc.com/us/en/students","GitHub-AusJobs","2026-10-05T22:09:08Z","2026-10-05T22:09:08Z"
"a35088c522a0","Careers page","","IMC Trading","","https://www.palantir.com/careers/","GitHub-AusJobs","2026-10-05T22:09:08Z","2026-10-05T22:09:08Z"
"eb595c67d240","Careers page","","Palantir","","https://www.atlassian.com/company/careers/all-jobs?team=Interns&location=Australia&search=","GitHub-AusJobs","2026-10-05T22:09:08Z","2026-10-05T22:09:08Z"
"6cde2e546e84","Careers page","","Atlassian","","https://australiance.vincere.io/careers/?unit=km&radius=100&page=1&search=1","GitHub-AusJobs","2026-10-05T22:09:08Z","2026-10-05T22:09:08Z"
"11f970b57c6e","Careers page","","Australiance - Healthtech Startup","","https://jobs.cisco.com/jobs/SearchJobs/intern?21178=%5B214420%5D&21178_format=6020&listFilterMode=1","GitHub-AusJobs","2026-10-05T22:09:08Z","2026-10-05T22:09:08Z"
"a74618122a75","Careers page","","CISCO","","https://www.jumptrading.com/careers/","GitHub-AusJobs","2026-10-05T22:09:08Z","2026-10-05T22:09:08Z"
"529aa568addd","Summer Intern","Westpac","Sydney, Melbourne","","https://www.westpac.com.au/about-westpac/careers/pathways/grad-program/summer-intern/","GitHub-AusJobs","2026-10-05T22:09:08Z","2026-10-05T22:09:08Z"
"62b63d9881b5","Summer internship","BAE Systems","Australia-wide","","https://www.baesystems.com/en-aus/careers/graduate-and-early-careers#1573679801007","GitHub-AusJobs","2026-10-05T22:09:08Z","2026-10-05T22:09:08Z"
"1787bb4051a6","SWE Intern","Aurecon","Sydney","","https://www.aurecongroup.com/careers/early-careers/intern-programme","GitHub-AusJobs","2026-10-05T22:09:08Z","2026-10-05T22:09:08Z"
"dfc6a3e153ec","Summer Intern (SWE, Data Science, Security)","Canva","Sydney","","https://www.canva.com/newsroom/news/a-look-into-early-talent-at-canva/","GitHub-AusJobs","2026-10-05T22:09:08Z","2026-10-05T22:09:08Z"
"cd0882f9c19c","SWE Intern","Resonate Solutions","Sydney","","https://jobs.swagapp.com/AU/jobs/resonate-solutions-pty-limited-software-engineer-intern-open-to-both-part-time-and-full-time-candidates","GitHub-AusJobs","2026-10-05T22:09:08Z","2026-10-05T22:09:08Z"
"50927d937b0b","SWE Intern","theTradeDesk","Sydney","","https://careers.thetradedesk.com/early-careers","GitHub-AusJobs","2026-10-05T22:09:08Z","2026-10-05T22:09:08Z"
"c1b473c4518c","NAB StarCamp (Bootcamp) & Emerging Tech Talent (Internship Rotations)","Melbourne","Must complete StarCamp to access Tech Talent Internship","","https://www.nab.com.au/about-us/careers/early-careers/technology-talent-program","GitHub-AusJobs","2026-10-05T22:09:08Z","2026-10-05T22:09:08Z"
"b66910af4b19","Intern Software Engineer (Testing)","swipejobs","Sydney","","https://swipejobs.breezy.hr/p/07fe79726f76-intern-software-engineer-testing","GitHub-AusJobs","2026-10-05T22:09:08Z","2026-10-05T22:09:08Z"
"8a1fcfcc54c5","APAC Intern","Wellington Management","Sydney","","https://www.linkedin.com/jobs/view/intern-client-group-apac-at-wellington-management-3871933188/?original_referer=https%3A%2F%2Fwww%2Egoogle%2Ecom%2F&originalSubdomain=au","GitHub-AusJobs","2026-10-05T22:09:08Z","2026-10-05T22:09:08Z"
"ea85bc14c857","Summer Student Program (Data Analytics Stream)","Cochlear","Sydney","","https://www.cochlear.com/au/en/corporate/careers/jobs-at-cochlear/graduates-and-students","GitHub-AusJobs","2026-10-05T22:09:08Z","2026-10-05T22:09:08Z"
"39fa055f44a5","Summer Intern","UBS","Sydney, Melbourne, Perth","","https://www.ubs.com/global/en/careers/early-careers/opportunities/summer-internship.html","GitHub-AusJobs","2026-10-05T22:09:08Z","2026-10-05T22:09:08Z"
"da7a17c02732","Sr Python Gen AI Engineer - 100% Remote","XFORIA Inc","US","$193,695 - $193,695","https://www.adzuna.com/land/ad/5912960855?se=_MYncAnB8RGpcqAIQXZuOg&utm_medium=api&utm_source=3f1b011b&v=6BC195EAD19F51B4AD8FC0C6DD13EAF1A23E3314","Adzuna-US","2026-10-05T18:05:10Z","2026-10-05T22:09:30Z"
"f18d6d190754","Sr Python Gen AI Engineer - 100% Remote","XFORIA Inc","US","$193,695 - $193,695","https://www.adzuna.com/land/ad/5912960855?se=sN1tbgnB8RGr5sMVJZBn5Q&utm_medium=api&utm_source=3f1b011b&v=6BC195EAD19F51B4AD8FC0C6DD13EAF1A23E3314","Adzuna-US","2026-10-05T18:05:10Z","2026-10-05T22:09:27Z"
"6121a4efbecf","AI & Distributed Systems Fullstack Engineer - Senior - Consulting - Location OPEN","EY","Perrysburg, Wood County","$159,032 - $159,032","https://www.adzuna.com/land/ad/5912959011?se=nOvCbwnB8RGQRoyPXfoVpQ&utm_medium=api&utm_source=3f1b011b&v=5927D86B1C8C2857508C875C1873F5F5A59C4E17","Adzuna-US","2026-10-05T17:58:38Z","2026-10-05T22:09:30Z"
"39405a070075","AI & Distributed Systems Fullstack Engineer - Senior - Consulting - Location OPEN","EY","Perrysburg, Wood County","$159,032 - $159,032","https://www.adzuna.com/land/ad/5912959011?se=8J3hbQnB8RGEC-6oCzmm_w&utm_medium=api&utm_source=3f1b011b&v=5927D86B1C8C2857508C875C1873F5F5A59C4E17","Adzuna-US","2026-10-05T17:58:38Z","2026-10-05T22:09:27Z"
"6f435868f1b7","AI & Distributed Systems Fullstack Engineer - Senior - Consulting - Location OPEN","EY","Pennsylvania, US","$143,619 - $143,619","https://www.adzuna.com/land/ad/5912957323?se=8J3hbQnB8RGEC-6oCzmm_w&utm_medium=api&utm_source=3f1b011b&v=28E9D99E66B5DAE848B9D1870E644362D09C419E","Adzuna-US","2026-10-05T17:44:48Z","2026-10-05T22:09:27Z"
"17a582f18bb1","AI & Distributed Systems Fullstack Engineer - Senior - Consulting - Location OPEN","EY","Birmingham, Jefferson County","$188,785 - $188,785","https://www.adzuna.com/land/ad/5912957302?se=8J3hbQnB8RGEC-6oCzmm_w&utm_medium=api&utm_source=3f1b011b&v=1BE8F107ACE0D47846BE4F867DC26D772DAF00B4","Adzuna-US","2026-10-05T17:44:47Z","2026-10-05T22:09:27Z"
"94bd4cbc1c4d","Senior Data Engineer (Python / AWS / ML Pipelines)","Jobgether","Kenya","","https://ke.linkedin.com/jobs/view/senior-data-engineer-python-aws-ml-pipelines-at-jobgether-4472547718","LinkedIn","2026-10-05T15:35:31Z","2026-10-05T15:35:31Z"
"5a5f0718ee11","Staff Research Engineer - AI & Machine Learning","Gramian Consulting","Kenya","","https://ke.linkedin.com/jobs/view/staff-research-engineer-ai-machine-learning-at-gramian-consulting-4473552602","LinkedIn","2026-10-05T15:35:31Z","2026-10-05T15:35:31Z"
"233f3be1bc92","Data Scientist (1 Year Fixed-Term Contract)","Britam","Nairobi, Nairobi County, Kenya","","https://ke.linkedin.com/jobs/view/data-scientist-1-year-fixed-term-contract-at-britam-4474153028","LinkedIn","2026-10-05T15:35:31Z","2026-10-05T15:35:31Z"
"e8dec0ae2cb6","AI Platform Engineer","International Rescue Committee","Nairobi, Nairobi County, Kenya","","https://ke.linkedin.com/jobs/view/ai-platform-engineer-at-international-rescue-committee-4474762619","LinkedIn","2026-10-05T15:35:31Z","2026-10-05T15:35:31Z"
"70981ba835e0","Principal Software Engineer","Mastercard","Kenya","","https://ke.linkedin.com/jobs/view/principal-software-engineer-at-mastercard-4471219508","LinkedIn","2026-10-05T15:35:31Z","2026-10-05T15:35:31Z"
"0ac2735b6732","Principal Quantitative Analyst - Global Finance","Capital One","McLean, VA","","https://www.linkedin.com/jobs/view/principal-quantitative-analyst-global-finance-at-capital-one-4457808859","LinkedIn","2026-10-05T15:35:31Z","2026-10-05T15:35:31Z"
"4907ac053ef8","Tupande AI Engineering Lead (Fixed-term)","One Acre Fund","Kenya","","https://ke.linkedin.com/jobs/view/tupande-ai-engineering-lead-fixed-term-at-one-acre-fund-4472881689","LinkedIn","2026-10-05T15:35:31Z","2026-10-05T15:35:31Z"
"3d7d6ea2d4ab","Data Engineer","Moringa School","Nairobi County, Kenya","","https://ke.linkedin.com/jobs/view/data-engineer-at-moringa-school-4474744764","LinkedIn","2026-10-05T15:35:31Z","2026-10-05T15:35:31Z"
"ad153c30c74a","Fullstack Software Engineer Graduate (Global E-commerce) - 2027 Start","TikTok","Seattle, WA","","https://www.linkedin.com/jobs/view/fullstack-software-engineer-graduate-global-e-commerce-2027-start-at-tiktok-4448274877","LinkedIn","2026-10-05T15:35:28Z","2026-10-05T15:35:28Z"
"5e4a1dc26365","Data Scientist (1 Year Fixed-Term Contract)","Britam","Nairobi, Nairobi County, Kenya","","https://ke.linkedin.com/jobs/view/data-scientist-1-year-fixed-term-contract-at-britam-4474153028","LinkedIn","2026-10-05T15:35:25Z","2026-10-05T15:35:25Z"
"1349de9f5625","Associate Manager - Data Analytics","Majid Al Futtaim","Nairobi, Nairobi County, Kenya","","https://ke.linkedin.com/jobs/view/associate-manager-data-analytics-at-majid-al-futtaim-4474211726","LinkedIn","2026-10-05T15:35:25Z","2026-10-05T15:35:25Z"
"45db8a1b1c6b","Remote Software Engineer - Rust","Turing","Toronto, Ontario","$416,000 - $624,000","https://www.adzuna.ca/details/5912821463?utm_medium=api&utm_source=3f1b011b","Adzuna-CA","2026-10-05T13:34:12Z","2026-10-05T22:09:38Z"
"92abdf1fcfbe","Remote Model Risk Management Lead, Machine Learning","Bilinguallink","Varennes, Lajemmerais","","https://www.adzuna.ca/details/5912737803?utm_medium=api&utm_source=3f1b011b","Adzuna-CA","2026-10-05T12:47:38Z","2026-10-05T22:09:38Z"
"939391567368","Senior Software Engineer, Remote","Xperteez Technology","International, King County","$509,600 - $582,400","https://www.adzuna.com/details/5912595384?utm_medium=api&utm_source=3f1b011b","Adzuna-US","2026-10-05T11:06:28Z","2026-10-05T15:35:03Z"
"13930d03a2d2","Senior Cloud Data Engineer (Remote)","Govcio LLC","US","$126,024 - $126,024","https://www.adzuna.com/land/ad/5912591744?se=XHmvU9LA8RGG747TTDN8rQ&utm_medium=api&utm_source=3f1b011b&v=17A33F888D8A7426765FDEEFB3586226C339579D","Adzuna-US","2026-10-05T10:50:23Z","2026-10-05T15:35:00Z"
"55a9337b69d0","Cloud Engineer-API -Global Industrial","Genuine Parts Company","US","$103,228 - $103,228","https://www.adzuna.com/details/5912591140?utm_medium=api&utm_source=3f1b011b","Adzuna-US","2026-10-05T10:48:00Z","2026-10-05T15:35:03Z"
"8b22d580556f","Staff AI Engineer role (Remote Eligible)","Capital One","Prince, Manhattan","$169,510 - $169,510","https://www.adzuna.com/land/ad/5912590050?se=sgDAVtLA8RGVdogLJ2Or7Q&utm_medium=api&utm_source=3f1b011b&v=D8720136ACE544370C18079C40261818950AF083","Adzuna-US","2026-10-05T10:42:55Z","2026-10-05T15:35:05Z"
"5d55dadd1cdb","Senior Staff AI Engineer (Remote Eligible)","Capital One","Pimmit, Fairfax County","$179,886 - $179,886","https://www.adzuna.com/land/ad/5912589940?se=sgDAVtLA8RGVdogLJ2Or7Q&utm_medium=api&utm_source=3f1b011b&v=9F2E9178E79126DFE7B59D059D6B37E753872A67","Adzuna-US","2026-10-05T10:42:52Z","2026-10-05T15:35:05Z"
"1dad704fe20e","Senior Staff AI Engineer (Remote Eligible)","Capital One","Pimmit, Fairfax County","$179,886 - $179,886","https://www.adzuna.com/land/ad/5912589940?se=XHmvU9LA8RGG747TTDN8rQ&utm_medium=api&utm_source=3f1b011b&v=9F2E9178E79126DFE7B59D059D6B37E753872A67","Adzuna-US","2026-10-05T10:42:52Z","2026-10-05T15:35:00Z"
"da2d75fe35a9","Sr. Staff AI Engineer (Remote Eligible)","Capital One","Pimmit, Fairfax County","$181,518 - $181,518","https://www.adzuna.com/land/ad/5912589664?se=sgDAVtLA8RGVdogLJ2Or7Q&utm_medium=api&utm_source=3f1b011b&v=F275EE9F652E086F3C55A96100A6866ADE8C56D1","Adzuna-US","2026-10-05T10:42:49Z","2026-10-05T15:35:05Z"
"a1efb846786b","Sr. Staff AI Engineer (Remote Eligible)","Capital One","Pimmit, Fairfax County","$181,518 - $181,518","https://www.adzuna.com/land/ad/5912589664?se=XHmvU9LA8RGG747TTDN8rQ&utm_medium=api&utm_source=3f1b011b&v=F275EE9F652E086F3C55A96100A6866ADE8C56D1","Adzuna-US","2026-10-05T10:42:49Z","2026-10-05T15:35:00Z"
"0fe1a638e596","Software Engineer, Global Payments Technology","Scotiabank","Canada","","https://www.adzuna.ca/land/ad/5912579641?se=sPywXNLA8RGOiPHOOwZrvA&utm_medium=api&utm_source=3f1b011b&v=7E9546DFDEF4C0D66EC755BCBB656B36600207D9","Adzuna-CA","2026-10-05T10:19:52Z","2026-10-05T15:35:16Z"
"960d2c7a95f3","Software Engineer, Global Payments Technology","Scotiabank","Canada","","https://www.adzuna.ca/land/ad/5912579641?se=UAAmXdLA8RGG747TTDN8rQ&utm_medium=api&utm_source=3f1b011b&v=7E9546DFDEF4C0D66EC755BCBB656B36600207D9","Adzuna-CA","2026-10-05T10:19:52Z","2026-10-05T15:35:16Z"
"2338b64837c4","Architect/DevOps Engineer (REMOTE)","Koniag Government Services","Chantilly, Fairfax County","$186,102 - $186,102","https://www.adzuna.com/details/5912482550?utm_medium=api&utm_source=3f1b011b","Adzuna-US","2026-10-05T08:18:43Z","2026-10-05T15:35:05Z"
"2f1692d9fbde","Tupande AI Engineering Lead (Fixed-term)","One Acre Fund","Kenya","","https://ke.linkedin.com/jobs/view/tupande-ai-engineering-lead-fixed-term-at-one-acre-fund-4472881689","LinkedIn","2026-10-05T06:59:36Z","2026-10-05T06:59:36Z"
"b1959d6a1160","Staff Research Engineer - AI & Machine Learning","Gramian Consulting","Kenya","","https://ke.linkedin.com/jobs/view/staff-research-engineer-ai-machine-learning-at-gramian-consulting-4473552602","LinkedIn","2026-10-05T06:59:36Z","2026-10-05T06:59:36Z"
"61fe01806c49","AI Platform Engineer","International Rescue Committee","Nairobi, Nairobi County, Kenya","","https://ke.linkedin.com/jobs/view/ai-platform-engineer-at-international-rescue-committee-4474762619","LinkedIn","2026-10-05T06:59:36Z","2026-10-05T06:59:36Z"
"65654a06bb51","Principal Software Engineer","Mastercard","Kenya","","https://ke.linkedin.com/jobs/view/principal-software-engineer-at-mastercard-4471219508","LinkedIn","2026-10-05T06:59:36Z","2026-10-05T06:59:36Z"
"bcdf409cce82","Senior Data Engineer (Python / AWS / ML Pipelines)","Jobgether","Kenya","","https://ke.linkedin.com/jobs/view/senior-data-engineer-python-aws-ml-pipelines-at-jobgether-4472547718","LinkedIn","2026-10-05T06:59:36Z","2026-10-05T06:59:36Z"
"7209e093dfc6","Data Scientist (1 Year Fixed-Term Contract)","Britam","Nairobi, Nairobi County, Kenya","","https://ke.linkedin.com/jobs/view/data-scientist-1-year-fixed-term-contract-at-britam-4474153028","LinkedIn","2026-10-05T06:59:36Z","2026-10-05T06:59:36Z"
"8a8100685e91","AI & IoT Research Intern ( Paid Remote)","Recruitify_HR","Garissa, Kenya","","https://ke.linkedin.com/jobs/view/ai-iot-research-intern-paid-remote-at-recruitify-hr-4473382203","LinkedIn","2026-10-05T06:59:36Z","2026-10-05T06:59:36Z"
"a6967ef85df4","Principal Quantitative Analyst - Global Finance","Capital One","McLean, VA","","https://www.linkedin.com/jobs/view/principal-quantitative-analyst-global-finance-at-capital-one-4457808859","LinkedIn","2026-10-05T06:59:35Z","2026-10-05T06:59:35Z"
"395f48f2857d","Fullstack Software Engineer Graduate (Global E-commerce) - 2027 Start","TikTok","Seattle, WA","","https://www.linkedin.com/jobs/view/fullstack-software-engineer-graduate-global-e-commerce-2027-start-at-tiktok-4448274877","LinkedIn","2026-10-05T06:59:32Z","2026-10-05T06:59:32Z"
"9abc30762857","Associate Manager - Data Analytics","Majid Al Futtaim","Nairobi, Nairobi County, Kenya","","https://ke.linkedin.com/jobs/view/associate-manager-data-analytics-at-majid-al-futtaim-4474211726","LinkedIn","2026-10-05T06:59:30Z","2026-10-05T06:59:30Z"
"4b858459f2a4","Data Analyst (Digital Operations & ICT)","Beijing Foreign Enterprise Management Consultants Co.,Ltd.","Nairobi County, Kenya","","https://ke.linkedin.com/jobs/view/data-analyst-digital-operations-ict-at-beijing-foreign-enterprise-management-consultants-co-ltd-4474334385","LinkedIn","2026-10-05T06:59:30Z","2026-10-05T06:59:30Z"
"8d4706d39a2a","Data Scientist (1 Year Fixed-Term Contract)","Britam","Nairobi, Nairobi County, Kenya","","https://ke.linkedin.com/jobs/view/data-scientist-1-year-fixed-term-contract-at-britam-4474153028","LinkedIn","2026-10-05T06:59:30Z","2026-10-05T06:59:30Z"
"a25c58aefb70","Lead Intelligent Solutions Engineer - Remote US","Sarah Cannon Research Institute","Texas, US","$134,849 - $134,849","https://www.adzuna.com/details/5912238477?utm_medium=api&utm_source=3f1b011b","Adzuna-US","2026-10-05T02:40:32Z","2026-10-05T06:59:15Z"
"ff7b9296e39b","DevOps Engineer - Remote","YO AI Labs","Dallas, Texas","$138,424 - $138,424","https://www.adzuna.com/land/ad/5912206122?se=WKCCRorA8RGdRLcUnFY4TA&utm_medium=api&utm_source=3f1b011b&v=2C80004977937DF88BDB14B41B0B530D415CB914","Adzuna-US","2026-10-05T01:33:11Z","2026-10-05T06:59:14Z"
"a29eadc06603","DevOps Expert - Remote","YO AI Labs","Atlanta, Fulton County","$93,477 - $93,477","https://www.adzuna.com/land/ad/5912198411?se=WKCCRorA8RGdRLcUnFY4TA&utm_medium=api&utm_source=3f1b011b&v=248D5B8478C2E4B7B01720AAD6457B3E93DA0750","Adzuna-US","2026-10-05T01:31:07Z","2026-10-05T06:59:14Z"
"6ba9fd97b06b","DevOps Engineer - Remote","YO AI Labs","Miami, Miami-Dade County","$146,579 - $146,579","https://www.adzuna.com/land/ad/5912196748?se=WKCCRorA8RGdRLcUnFY4TA&utm_medium=api&utm_source=3f1b011b&v=2AE38B22A40B4FE923C033CBBA73800E934A9AE1","Adzuna-US","2026-10-05T01:30:41Z","2026-10-05T06:59:14Z"
"7bf5f39a5033","AI Platform Engineer","International Rescue Committee","Nairobi, Nairobi County, Kenya","","https://ke.linkedin.com/jobs/view/ai-platform-engineer-at-international-rescue-committee-4474762619","LinkedIn","2026-10-05T01:11:25Z","2026-10-05T01:11:25Z"
"deb47f500bb2","Staff Research Engineer - AI & Machine Learning","Gramian Consulting","Kenya","","https://ke.linkedin.com/jobs/view/staff-research-engineer-ai-machine-learning-at-gramian-consulting-4473552602","LinkedIn","2026-10-05T01:11:25Z","2026-10-05T01:11:25Z"
"f1125b4c03bd","Senior Data Engineer (Python / AWS / ML Pipelines)","Jobgether","Kenya","","https://ke.linkedin.com/jobs/view/senior-data-engineer-python-aws-ml-pipelines-at-jobgether-4472547718","LinkedIn","2026-10-05T01:11:25Z","2026-10-05T01:11:25Z"
"c02573344b46","Data Scientist (1 Year Fixed-Term Contract)","Britam","Nairobi, Nairobi County, Kenya","","https://ke.linkedin.com/jobs/view/data-scientist-1-year-fixed-term-contract-at-britam-4474153028","LinkedIn","2026-10-05T01:11:25Z","2026-10-05T01:11:25Z"
"1f6b8b86db3a","Principal Software Engineer","Mastercard","Kenya","","https://ke.linkedin.com/jobs/view/principal-software-engineer-at-mastercard-4471219508","LinkedIn","2026-10-05T01:11:25Z","2026-10-05T01:11:25Z"
"3a32955a5702","Tupande AI Engineering Lead (Fixed-term)","One Acre Fund","Kenya","","https://ke.linkedin.com/jobs/view/tupande-ai-engineering-lead-fixed-term-at-one-acre-fund-4472881689","LinkedIn","2026-10-05T01:11:25Z","2026-10-05T01:11:25Z"
"b1a28e48b611","AI & IoT Research Intern ( Paid Remote)","Recruitify_HR","Garissa, Kenya","","https://ke.linkedin.com/jobs/view/ai-iot-research-intern-paid-remote-at-recruitify-hr-4473382203","LinkedIn","2026-10-05T01:11:25Z","2026-10-05T01:11:25Z"
"00a437328ea6","Principal Quantitative Analyst - Global Finance","Capital One","McLean, VA","","https://www.linkedin.com/jobs/view/principal-quantitative-analyst-global-finance-at-capital-one-4457808859","LinkedIn","2026-10-05T01:11:24Z","2026-10-05T01:11:24Z"
"2356b4ed5397","Fullstack Software Engineer Graduate (Global E-commerce) - 2027 Start","TikTok","Seattle, WA","","https://www.linkedin.com/jobs/view/fullstack-software-engineer-graduate-global-e-commerce-2027-start-at-tiktok-4448274877","LinkedIn","2026-10-05T01:11:22Z","2026-10-05T01:11:22Z"
"1111cf761075","Data Scientist (1 Year Fixed-Term Contract)","Britam","Nairobi, Nairobi County, Kenya","","https://ke.linkedin.com/jobs/view/data-scientist-1-year-fixed-term-contract-at-britam-4474153028","LinkedIn","2026-10-05T01:11:20Z","2026-10-05T01:11:20Z"
"6564dd478b28","Associate Manager - Data Analytics","Majid Al Futtaim","Nairobi, Nairobi County, Kenya","","https://ke.linkedin.com/jobs/view/associate-manager-data-analytics-at-majid-al-futtaim-4474211726","LinkedIn","2026-10-05T01:11:20Z","2026-10-05T01:11:20Z"
"d350c96ea6c4","Data Analyst (Digital Operations & ICT)","Beijing Foreign Enterprise Management Consultants Co.,Ltd.","Nairobi County, Kenya","","https://ke.linkedin.com/jobs/view/data-analyst-digital-operations-ict-at-beijing-foreign-enterprise-management-consultants-co-ltd-4474334385","LinkedIn","2026-10-05T01:11:20Z","2026-10-05T01:11:20Z"
"b53fb4cf9aea","Data Scientist (1 Year Fixed-Term Contract)","Britam","Nairobi, Nairobi County, Kenya","","https://ke.linkedin.com/jobs/view/data-scientist-1-year-fixed-term-contract-at-britam-4474153028","LinkedIn","2026-10-04T22:33:43Z","2026-10-04T22:33:43Z"
"26da4f9fe1a5","AI Platform Engineer","International Rescue Committee","Nairobi, Nairobi County, Kenya","","https://ke.linkedin.com/jobs/view/ai-platform-engineer-at-international-rescue-committee-4474762619","LinkedIn","2026-10-04T22:33:43Z","2026-10-04T22:33:43Z"
"3570b473da71","Staff Research Engineer - AI & Machine Learning","Gramian Consulting","Kenya","","https://ke.linkedin.com/jobs/view/staff-research-engineer-ai-machine-learning-at-gramian-consulting-4473552602","LinkedIn","2026-10-04T22:33:43Z","2026-10-04T22:33:43Z"
"2d922a78a819","Principal Software Engineer","Mastercard","Kenya","","https://ke.linkedin.com/jobs/view/principal-software-engineer-at-mastercard-4471219508","LinkedIn","2026-10-04T22:33:43Z","2026-10-04T22:33:43Z"
"bb05b28035ca","Tupande AI Engineering Lead (Fixed-term)","One Acre Fund","Kenya","","https://ke.linkedin.com/jobs/view/tupande-ai-engineering-lead-fixed-term-at-one-acre-fund-4472881689","LinkedIn","2026-10-04T22:33:43Z","2026-10-04T22:33:43Z"
"08360ca6cb34","Senior Data Engineer (Python / AWS / ML Pipelines)","Jobgether","Kenya","","https://ke.linkedin.com/jobs/view/senior-data-engineer-python-aws-ml-pipelines-at-jobgether-4472547718","LinkedIn","2026-10-04T22:33:43Z","2026-10-04T22:33:43Z"
"bed3767bbabd","Principal Quantitative Analyst - Global Finance","Capital One","McLean, VA","","https://www.linkedin.com/jobs/view/principal-quantitative-analyst-global-finance-at-capital-one-4457808859","LinkedIn","2026-10-04T22:33:43Z","2026-10-04T22:33:43Z"
"0b9d9ac4d071","AI & IoT Research Intern ( Paid Remote)","Recruitify_HR","Garissa, Kenya","","https://ke.linkedin.com/jobs/view/ai-iot-research-intern-paid-remote-at-recruitify-hr-4473382203","LinkedIn","2026-10-04T22:33:43Z","2026-10-04T22:33:43Z"
"deb478821b57","Fullstack Software Engineer Graduate (Global E-commerce) - 2027 Start","TikTok","Seattle, WA","","https://www.linkedin.com/jobs/view/fullstack-software-engineer-graduate-global-e-commerce-2027-start-at-tiktok-4448274877","LinkedIn","2026-10-04T22:33:40Z","2026-10-04T22:33:40Z"
"e4b46ae80d6d","Data Analyst (Digital Operations & ICT)","Beijing Foreign Enterprise Management Consultants Co.,Ltd.","Nairobi County, Kenya","","https://ke.linkedin.com/jobs/view/data-analyst-digital-operations-ict-at-beijing-foreign-enterprise-management-consultants-co-ltd-4474334385","LinkedIn","2026-10-04T22:33:38Z","2026-10-04T22:33:38Z"
"53922a4f834d","Data Scientist (1 Year Fixed-Term Contract)","Britam","Nairobi, Nairobi County, Kenya","","https://ke.linkedin.com/jobs/view/data-scientist-1-year-fixed-term-contract-at-britam-4474153028","LinkedIn","2026-10-04T22:33:38Z","2026-10-04T22:33:38Z"
"cfa72d082feb","Associate Manager - Data Analytics","Majid Al Futtaim","Nairobi, Nairobi County, Kenya","","https://ke.linkedin.com/jobs/view/associate-manager-data-analytics-at-majid-al-futtaim-4474211726","LinkedIn","2026-10-04T22:33:38Z","2026-10-04T22:33:38Z"
